#;Nachhaltigkeitsversprechen;Status;Prognose (falls zutreffend);Quelle(n);Ampel
1;Netâ€‘Zero COâ‚‚ im globalen Energiesektor bis 2050;Zukunft;unsicher;Net Zero Tracker: nur 4â€¯% erfÃ¼llen UN-Kriterien (Bericht 2024);ğŸ”´
2;Flotte COâ‚‚-neutral bis 2039;Zukunft;realistisch;Sustainalytics Low Risk Bewertung (19,3, Stand Juli 2025) ([ESG News][1], [sustainalytics.com][2]), CICERO â€Dark Greenâ€œ fÃ¼r Green Finance, CDP Aâ€‘Rating ([Mercedes-Benz Group][3]);ğŸŸ¢
3;Einsatz recycelter & biobasierter Rohstoffe;Teilweise erfÃ¼llt;â€“;Sustainalytics: niedrige Score (\~3,9/10) bei recycelten Materialien ([Sustainability Directory][4]);ğŸŸ¡
4;Langfristige PPA mit Erneuerbaren, 100â€¯% erneuerbare Energie Produktion bis 2039;Zukunft;realistisch;Mercedes: Standorte COâ‚‚-neutral/45â€¯% erneuerbarer Strom, Ausbau PPA mit Iberdrola, Ziel 70â€¯% bis 2030 ([Mercedes-Benz Group][5], [Mercedes-Benz Group][3]); ğŸŸ¢
5;Verstehen der ESG-Auswirkungen von Investitionen verbessern;Teilweise erfÃ¼llt;â€“;Sustainalytics ESG Risk & Management Bewertung: â€strongâ€œ ([sustainalytics.com][2]);ğŸŸ¡
6;Klimabezogene Chancen/Risiken in Berichten integrieren;Teilweise erfÃ¼llt;â€“;UN Global Compact COP bestÃ¤tigt Integration von Menschenrechts- und ESGâ€‘Kriterien in ihre Berichte ([UN Global Compact][6]);ğŸŸ¡
7;Schutz der Reputation durch Auswahl ethischer Partner; Teilweise erfÃ¼llt; â€“ ;ECCHR & Amnesty behandeln Compliance-Auditprobleme (â€sham auditsâ€œ), MÃ¤ngel bei Partnerauswahl ([WIRED][7], [Reddit][8]);ğŸŸ¡
8 ;Gesetzes- & Wertetreue bei Vertriebspartnern sicherstellen;Teilweise erfÃ¼llt; â€“ ;Amnesty mahnt Transparenz-Defizite in Vertriebs-/Lieferketten auf ([WIRED][7]); ğŸŸ¡
9;Menschenrechtliche Sorgfaltspflicht (Lieferketten);Teilweise erfÃ¼llt;â€“;Amnesty: Score 51/90 moderate Umsetzung, CHRB Score 30,4/100, zu schwache Governance ([WIRED][7], [Reddit][8]); ğŸŸ¡
10;STOP-Prinzip Gesundheitsgefahren minimieren;UngeprÃ¼ft;â€“;Keine unabhÃ¤ngigen Analysen nach 2023 gefunden;ğŸŸ¡
11;STOP-Prinzip Brand-/Explosionsgefahren;UngeprÃ¼ft;â€“;Keine unabhÃ¤ngigen Analysen nach 2023 gefunden;ğŸŸ¡
12;Teilnahme am UN Global Compact;ErfÃ¼llt;â€“;UN Global Compact COP bestÃ¤tigt aktive Teilnahme, allerdings keine unabhÃ¤ngige QualitÃ¤tseinschÃ¤tzung vorhanden ([UN Global Compact][6]); ğŸŸ¡
13;80â€¯% COâ‚‚-Reduktion Produktion bis 2030; Teilweise erfÃ¼llt;realistisch ;Produktion COâ‚‚-neutral seit 2022, Ziel 80â€¯% bis 2030, PPA & PVâ€‘Ausbau ([Mercedes-Benz Group][5], [Mercedes-Benz Group][3]);ğŸŸ¢
14;Batterie-Recycling (>96â€¯% Recyclingrate);Zukunft;realistisch;Werk Kuppenheim lÃ¤uft Ende 2023, Recyclingrate >96â€¯% geplant ([Mercedes-Benz Group][3]); ğŸŸ¢
15;Lithiumproduktion netâ€‘carbon-neutral bis 2030;Zukunft;unsicher;Vertrag mit Rock Tech Lithium ab 2026, Roadmap bis 2030 angekÃ¼ndigt, aber externe Bewertung fehlt ([Mercedes-Benz Group][3]);ğŸŸ¡
16;Bewertung von 24 risikobehafteten Rohstoffen bis 2028 (70â€¯% bis 2025);Zukunft;realistisch;Lead the Charge: Mercedes highest score bei Risikovermeidung, Zwischenziele gesetzt ([Mercedes-Benz Group][3], [emercedesbenz.com][9]);ğŸŸ¢
17;Umschulung & Fairer Wandel fÃ¼r Mitarbeitende (1,3â€¯Mrdâ€¯â‚¬ bis 2030); Zukunft;realistisch;Klares Bekenntnis & Mittelbereitstellung, NGO-Bewertung fehlt aber;ğŸŸ¡
18;ESG-KPI in FÃ¼hrungskrÃ¤ftevergÃ¼tung;ErfÃ¼llt;â€“;KLare Governanceâ€‘Struktur mit ESG-KPIs & Malus eingefÃ¼hrt ([Mercedes-Benz Group][3]);ğŸŸ¢
19;Unfallfreie Fahrzeuge bis 2050 (Road Safety); Zukunft;unsicher;Vision Zero Ziel, aber keine externe Bewertung der MaÃŸnahmen verfÃ¼gbar ([ESG News][1]); ğŸ”´